{
  "episode_rewards": [
    40.5,
    5.200000000000009,
    62.59999999999998,
    61.599999999999966,
    57.59999999999997,
    7.500000000000012,
    81.6,
    46.09999999999998,
    123.10000000000004,
    -7.399999999999992,
    64.19999999999996,
    65.29999999999991,
    41.89999999999994,
    24.50000000000005,
    58.69999999999992,
    66.8999999999998,
    82.60000000000011,
    47.1999999999999,
    78.80000000000015,
    34.49999999999992,
    39.599999999999866,
    122.50000000000018,
    71.20000000000007,
    38.69999999999995,
    84.50000000000004,
    44.79999999999991,
    47.499999999999915,
    70.49999999999999,
    74.9,
    73.70000000000002,
    94.00000000000006,
    46.79999999999998,
    38.99999999999987,
    56.49999999999989,
    27.700000000000014,
    86.60000000000004,
    44.69999999999997,
    32.89999999999987,
    45.2999999999999,
    33.59999999999996,
    66.89999999999993,
    51.499999999999964,
    41.099999999999945,
    67.29999999999993,
    119.90000000000019,
    75.1000000000001,
    82.80000000000001,
    75.0,
    43.799999999999834,
    79.39999999999998,
    75.30000000000007,
    86.09999999999997,
    58.69999999999995,
    108.90000000000019,
    54.499999999999844,
    22.499999999999975,
    89.70000000000022,
    82.9000000000002,
    166.20000000000036,
    108.50000000000048,
    78.3000000000001,
    73.19999999999996,
    139.00000000000014,
    92.80000000000014,
    61.39999999999992,
    124.8000000000003,
    43.79999999999992,
    57.19999999999998,
    94.00000000000011,
    105.60000000000008,
    129.80000000000018,
    111.50000000000003,
    106.1000000000002,
    55.69999999999993,
    84.9,
    145.2000000000003,
    109.60000000000008,
    71.19999999999996,
    109.70000000000007,
    88.30000000000031,
    81.10000000000005,
    83.30000000000022,
    78.79999999999998,
    85.20000000000006,
    86.70000000000007,
    97.10000000000011,
    -0.09999999999997045,
    42.599999999999895,
    20.099999999999916,
    128.80000000000024,
    24.69999999999999,
    46.19999999999996,
    56.69999999999993,
    64.69999999999993,
    56.69999999999994,
    117.1000000000002,
    102.90000000000038,
    63.4999999999999,
    54.19999999999991,
    117.20000000000002
  ],
  "episode_lengths": [
    500,
    500,
    500,
    500,
    500,
    500,
    500,
    500,
    500,
    500,
    500,
    500,
    500,
    500,
    500,
    500,
    500,
    500,
    500,
    500,
    500,
    500,
    500,
    500,
    500,
    500,
    500,
    500,
    500,
    500,
    500,
    500,
    500,
    500,
    500,
    500,
    500,
    500,
    500,
    500,
    500,
    500,
    500,
    500,
    500,
    500,
    500,
    500,
    500,
    500,
    500,
    500,
    500,
    500,
    500,
    500,
    500,
    500,
    500,
    500,
    500,
    500,
    500,
    500,
    500,
    500,
    500,
    500,
    500,
    500,
    500,
    500,
    500,
    500,
    500,
    500,
    500,
    500,
    500,
    500,
    500,
    500,
    500,
    500,
    500,
    500,
    500,
    500,
    500,
    500,
    500,
    500,
    500,
    500,
    500,
    500,
    500,
    500,
    500,
    500
  ],
  "final_mean_reward": 86.8350000000001,
  "final_std_reward": 23.029617343759863,
  "best_reward": 166.20000000000036,
  "success_rate": 0.05
}