{
  "episode_rewards": [
    22.500000000000007,
    21.799999999999976,
    48.299999999999976,
    22.099999999999994,
    10.500000000000007
  ],
  "episode_lengths": [
    500,
    500,
    500,
    500,
    500
  ],
  "final_mean_reward": 29.234999999999992,
  "final_std_reward": 18.62082906317546,
  "best_reward": 48.299999999999976,
  "success_rate": 0.4
}