{
  "episode_rewards": [
    54.55,
    39.300000000000004,
    43.349999999999994,
    60.50000000000001,
    63.64999999999998,
    92.75000000000009,
    115.85000000000005,
    38.649999999999935,
    68.00000000000017,
    76.9,
    41.65000000000001,
    63.29999999999994,
    97.20000000000013,
    91.10000000000001,
    72.20000000000005,
    32.89999999999987,
    30.049999999999947,
    60.749999999999936,
    61.59999999999991,
    57.29999999999991,
    63.00000000000008,
    64.90000000000015,
    62.14999999999985,
    19.400000000000034,
    44.99999999999988,
    50.1499999999999,
    72.35,
    78.45000000000005,
    68.84999999999994,
    28.549999999999947,
    81.95000000000009,
    72.34999999999992,
    31.349999999999905,
    81.15000000000018,
    99.75000000000017,
    99.85000000000025,
    41.99999999999993,
    94.85000000000022,
    81.30000000000015,
    94.50000000000014,
    32.19999999999998,
    25.099999999999884,
    30.999999999999943,
    79.25,
    70.99999999999994,
    46.599999999999994,
    58.99999999999991,
    90.40000000000013,
    107.20000000000012,
    56.899999999999906
  ],
  "episode_lengths": [
    500,
    500,
    500,
    500,
    500,
    500,
    500,
    500,
    500,
    500,
    500,
    500,
    500,
    500,
    500,
    500,
    500,
    500,
    500,
    500,
    500,
    500,
    500,
    500,
    500,
    500,
    500,
    500,
    500,
    500,
    500,
    500,
    500,
    500,
    500,
    500,
    500,
    500,
    500,
    500,
    500,
    500,
    500,
    500,
    500,
    500,
    500,
    500,
    500,
    500
  ],
  "final_mean_reward": 55.23,
  "final_std_reward": 17.035744773857118,
  "best_reward": 115.85000000000005,
  "success_rate": 0.1
}