{
  "episode_rewards": [
    30.7,
    2.6000000000000045,
    8.300000000000008
  ],
  "episode_lengths": [
    500,
    500,
    500
  ],
  "final_mean_reward": -74.23499999999991,
  "final_std_reward": 66.35228914664499,
  "best_reward": 30.7,
  "success_rate": 0.3333333333333333
}