{
  "episode_rewards": [
    38.59999999999999,
    34.09999999999999,
    30.59999999999998,
    52.99999999999996,
    48.599999999999994,
    40.899999999999984,
    16.300000000000004,
    62.999999999999986,
    60.59999999999997,
    43.399999999999984,
    65.79999999999997,
    63.69999999999995,
    88.60000000000002,
    60.69999999999996,
    66.99999999999997,
    62.99999999999999,
    58.99999999999996,
    66.29999999999998,
    55.99999999999995,
    64.49999999999994,
    82.29999999999998,
    120.60000000000005,
    26.499999999999986,
    99.40000000000003,
    39.99999999999999,
    91.29999999999998,
    120.80000000000008,
    80.19999999999999,
    74.29999999999994,
    96.3,
    36.999999999999964,
    85.20000000000007,
    84.3000000000001,
    50.49999999999998,
    112.10000000000002,
    98.4,
    98.00000000000006,
    96.80000000000011,
    147.90000000000012,
    61.49999999999993,
    113.60000000000008,
    109.10000000000016,
    81.70000000000005,
    136.80000000000013,
    92.1,
    128.60000000000014,
    106.20000000000007,
    99.60000000000005,
    86.80000000000008,
    123.20000000000013,
    113.10000000000005,
    97.60000000000005,
    76.39999999999996,
    82.99999999999997,
    93.20000000000007,
    63.699999999999925,
    89.20000000000007,
    120.50000000000011,
    80.50000000000006,
    105.20000000000032,
    101.80000000000004,
    69.59999999999994,
    88.79999999999998,
    124.30000000000004,
    102.10000000000012,
    122.20000000000006,
    73.09999999999991,
    85.59999999999994,
    108.7000000000001,
    78.10000000000008,
    121.90000000000023,
    122.90000000000023,
    106.00000000000003,
    144.70000000000024,
    69.29999999999994,
    110.20000000000016,
    70.49999999999989,
    99.20000000000024,
    95.30000000000011,
    119.90000000000038,
    139.10000000000025,
    115.40000000000005,
    113.20000000000022,
    155.90000000000043,
    114.9000000000001,
    72.30000000000028,
    113.70000000000007,
    84.90000000000012,
    111.40000000000015,
    89.90000000000015,
    137.1000000000002,
    118.40000000000018,
    78.6999999999999,
    120.10000000000016,
    97.70000000000009,
    137.30000000000024,
    104.6000000000002,
    106.60000000000025,
    87.50000000000003,
    31.99999999999995
  ],
  "episode_lengths": [
    500,
    500,
    500,
    500,
    500,
    500,
    500,
    500,
    500,
    500,
    500,
    500,
    500,
    500,
    500,
    500,
    500,
    500,
    500,
    500,
    500,
    500,
    500,
    500,
    500,
    500,
    500,
    500,
    500,
    500,
    500,
    500,
    500,
    500,
    500,
    500,
    500,
    500,
    500,
    500,
    500,
    500,
    500,
    500,
    500,
    500,
    500,
    500,
    500,
    500,
    500,
    500,
    500,
    500,
    500,
    500,
    500,
    500,
    500,
    500,
    500,
    500,
    500,
    500,
    500,
    500,
    500,
    500,
    500,
    500,
    500,
    500,
    500,
    500,
    500,
    500,
    500,
    500,
    500,
    500,
    500,
    500,
    500,
    500,
    500,
    500,
    500,
    500,
    500,
    500,
    500,
    500,
    500,
    500,
    500,
    500,
    500,
    500,
    500,
    500
  ],
  "final_mean_reward": -128.125,
  "final_std_reward": 74.25949013425826,
  "best_reward": 155.90000000000043,
  "success_rate": 0.09
}